,Initial_admin
213,2
7236,0
2278,2
3752,1
5735,2
4837,1
2693,2
5396,1
4950,2
4176,1
7982,2
6581,1
4654,1
2222,2
4287,2
645,2
5111,0
8212,1
7534,0
8856,1
8405,1
3730,1
8886,1
4931,1
3056,0
293,2
537,0
1546,1
2276,1
1994,1
2399,2
5351,0
9579,2
796,1
7073,2
4065,2
2590,0
4315,0
6138,2
2349,1
2947,1
2796,1
571,1
7461,1
902,1
3431,1
8158,1
8387,1
455,0
6941,0
272,0
2534,0
901,0
9100,2
4036,1
3013,1
2266,1
4882,1
1618,0
1912,2
2531,1
6681,0
187,2
3387,0
3180,1
2759,2
5852,1
3779,1
6873,1
7133,1
31,0
5663,2
8617,2
5415,1
1931,0
5124,0
8082,0
6088,0
8008,1
5705,1
5243,1
7388,0
2805,1
6454,0
4149,1
9223,0
5898,1
7143,1
6998,0
5825,0
4235,1
4635,0
1484,2
9880,1
4365,2
322,0
195,2
1504,1
148,1
1599,0
2070,1
1509,2
2355,0
3649,1
4132,0
1949,1
5684,1
9176,1
463,1
2476,2
9311,2
306,1
904,2
1049,1
2544,0
9868,1
6904,2
4636,1
4248,1
6661,0
9413,2
8165,1
1035,1
2721,0
3136,2
8137,0
5695,2
2568,2
7034,1
7200,1
1648,1
2827,1
6984,1
1709,1
9330,2
3333,2
5109,1
8399,1
9890,2
6646,1
5579,1
6603,1
7361,0
1996,1
1703,1
9893,0
6785,1
7614,2
6755,1
2656,1
1832,2
2908,1
511,1
6493,1
2886,2
5352,1
9859,0
4985,1
1226,1
159,2
3014,2
5712,1
3101,2
1257,1
6931,0
9043,1
5720,0
1287,1
2936,2
8921,0
4423,1
9289,1
404,1
8792,2
7983,2
2716,1
920,0
2539,1
5088,1
7252,1
8151,1
6100,0
4814,1
6846,1
4647,2
5986,1
7253,0
6404,2
4280,1
933,1
5787,1
7120,1
4890,2
9668,2
2066,1
5673,2
5731,0
3417,1
222,1
680,2
6218,1
9074,1
6022,2
2757,1
735,0
4711,1
9152,2
2023,2
8101,1
2910,1
5567,0
8073,1
2078,1
771,1
4467,2
2907,1
3696,1
7909,1
4610,0
1901,0
8742,1
1301,2
1871,0
9090,1
6289,1
4613,1
6768,0
7076,0
4305,1
955,0
9067,1
1654,1
5071,1
2939,0
6248,2
424,0
7786,1
4224,1
2259,2
9199,0
6294,2
2905,2
5545,1
6912,2
9560,1
6898,2
577,1
5752,0
8135,1
2046,1
5793,1
121,1
544,1
6566,1
4518,2
5141,2
2474,1
4629,2
8034,1
6221,2
5386,0
204,0
8974,2
7312,2
5077,1
3743,0
8453,2
8610,1
3766,1
3334,1
8476,1
2937,1
9527,2
8367,1
9513,0
4244,2
6137,0
1932,2
2271,1
9098,0
6906,2
1024,1
329,2
815,1
4581,1
5435,1
7020,0
6696,1
5157,0
2007,2
8216,1
818,0
7793,1
6118,1
8356,0
4333,0
2894,2
3235,1
4460,0
9324,1
6288,0
19,1
1223,1
2165,1
791,1
8159,0
3033,1
5131,1
3504,1
5542,1
7558,0
4129,0
5717,0
2873,0
2682,0
2421,0
6851,1
5823,1
6411,1
3282,2
768,1
1513,2
6074,1
2210,1
8116,2
4278,0
444,1
1141,1
8556,1
9700,0
6521,1
5856,2
7380,2
8924,0
1739,1
5998,1
1380,1
1150,0
6749,0
690,1
3838,0
2323,0
1014,1
9443,1
5571,1
7008,0
612,0
9075,1
4268,2
3427,2
8188,0
6805,1
7088,1
8678,1
1849,1
1553,1
5118,1
8125,1
9785,1
2957,0
6000,1
453,2
4003,2
6382,1
3061,0
5756,0
7927,1
5643,2
5002,0
8311,2
8847,0
7954,0
4735,2
3937,2
3645,1
3765,1
1352,1
1256,0
6644,1
3762,0
6358,1
8414,1
1847,2
6078,1
6113,0
4773,2
3407,0
5047,1
8625,1
145,1
9451,1
1608,1
3659,0
5015,1
2969,1
407,1
9708,2
8764,0
8105,1
9698,0
2522,1
1159,0
7574,0
3483,1
1607,0
3744,0
5460,0
8573,0
8953,1
2353,1
2953,1
6431,2
5269,1
521,1
6458,1
1650,0
7524,0
682,1
8612,1
5676,1
3064,0
2580,1
7714,1
8167,2
1413,1
3175,0
35,2
5410,0
1538,0
5337,1
3804,1
9013,1
2213,2
8561,0
6395,1
1297,0
8601,0
1956,1
6953,0
7482,1
3236,1
356,1
6156,0
3146,0
3133,0
8596,0
9365,1
5177,2
1985,0
8791,2
4844,1
3152,2
2316,0
4593,2
5916,0
5999,1
4766,1
5018,1
6372,1
7336,1
5772,0
4125,1
917,0
4954,2
5084,1
5863,2
297,1
344,0
3293,2
8885,1
3124,1
2148,2
9615,1
3025,2
1816,0
7526,2
1531,0
4209,2
2377,0
6708,1
8848,2
8728,1
9232,1
2219,2
2809,1
9296,1
7541,2
5903,1
7343,1
3077,0
3464,2
8037,0
8091,0
8786,0
8747,1
647,0
5204,2
6641,0
2289,1
9105,0
3230,1
160,2
9824,1
1895,2
3137,0
4455,2
5993,2
858,2
7210,0
8145,0
2808,1
1408,2
1998,1
717,1
6029,1
3154,1
984,0
3186,2
5876,1
1946,1
4759,2
4933,0
7462,2
7193,1
4808,2
4107,1
5738,2
4782,1
8283,1
872,1
3428,1
200,2
6596,1
3915,1
7503,1
7791,0
2510,1
4857,0
6450,1
107,1
2417,2
249,1
7414,2
2699,2
9967,1
6496,2
4991,2
3367,2
2120,1
4254,1
235,0
1598,0
4778,0
8940,1
5343,1
6839,1
7610,1
4663,2
58,0
6143,2
547,2
1277,2
3394,0
9910,0
3711,1
6692,1
7834,1
3319,1
3045,1
2088,0
7348,1
6036,2
4408,1
2033,0
4299,2
1704,1
1565,2
5744,2
2780,0
7787,1
1881,2
7180,1
3699,2
3788,0
1555,1
552,0
4341,1
1530,1
3638,1
8677,1
5172,0
1784,1
7495,1
4371,2
6600,1
811,1
9018,1
9572,1
6693,1
4438,2
3913,1
4047,0
7980,1
5178,2
3684,1
797,1
9101,1
951,1
7936,2
2641,2
3108,2
4240,1
7537,0
4193,1
5922,1
9642,1
9210,1
7915,0
4644,0
143,0
6656,2
9888,2
9234,2
7946,0
7212,0
7367,1
6673,1
7014,1
1913,1
2705,2
6927,1
6230,0
6354,1
9904,0
9939,1
1079,1
5310,1
9499,0
6069,1
9282,1
9389,2
6899,1
8314,1
2720,1
2035,2
9606,2
6965,2
7185,1
2613,1
6796,0
8060,0
4349,0
532,1
6014,2
5568,1
9358,0
5054,1
6227,1
2386,2
8327,0
7506,1
7556,1
8703,2
5001,0
2560,1
130,0
9670,1
9403,1
4530,1
3615,1
745,1
959,1
4018,0
6710,1
5397,1
9487,1
4137,0
776,0
9269,1
6262,1
6522,0
1033,1
1879,0
4239,0
5354,1
7640,0
3461,1
384,1
2154,1
3695,2
5610,1
4261,1
3526,1
3623,0
3506,2
4222,1
7122,0
728,1
9276,1
887,2
2879,1
1869,0
210,2
5359,2
4775,1
5240,2
5725,1
9761,1
3057,2
8829,2
8490,0
5089,1
905,0
1185,0
628,1
1888,1
7141,1
697,1
7827,1
3010,1
5027,1
1182,1
3375,1
1590,1
6809,1
6133,2
5390,1
6488,2
7659,1
8944,0
2670,2
9517,0
9730,1
3759,2
4730,2
5895,1
8113,1
1309,2
849,1
8003,1
3942,0
9575,0
70,0
9062,1
1088,1
9677,1
5902,1
457,1
7604,1
2766,2
6321,2
8835,1
2773,0
4684,2
6348,1
4300,1
5467,1
2332,0
5281,2
4251,1
2133,2
9480,0
8576,0
9526,1
3924,0
5671,1
7849,1
5189,1
8837,1
9928,1
203,1
1331,2
9369,2
2084,1
6146,0
1216,1
1868,1
86,2
3316,1
437,1
4071,1
6975,2
5080,1
7259,1
8002,1
4901,1
1963,2
7553,0
4962,0
3095,1
2021,2
3303,1
3008,1
2469,1
2183,2
362,1
6057,2
5276,1
7820,1
1286,1
3749,1
8661,0
3090,1
7617,1
659,1
3705,0
1738,1
8772,0
1238,1
8110,0
3393,1
856,1
7407,1
2627,2
5758,2
6305,0
4952,1
9752,1
6390,1
472,0
8643,1
5572,1
4451,1
7641,2
4943,1
4458,1
2713,0
6508,2
7356,1
7824,1
8604,1
9053,0
9420,0
7186,1
4029,1
3211,1
8957,1
9954,1
8395,1
5339,1
7843,1
9224,1
171,2
7901,0
1228,1
7363,0
6451,2
3212,1
6928,1
7768,2
877,2
5672,0
5487,1
9187,2
6443,1
5167,0
3039,1
9102,0
8656,1
7136,1
2388,2
9085,2
593,1
6659,1
2955,2
1225,0
2889,2
4862,1
5641,1
1776,1
9753,0
9313,0
8670,1
8301,2
7581,2
3030,0
9350,2
4688,0
3536,0
4282,2
9235,1
3111,1
4049,2
2110,2
4871,2
7599,1
2371,1
546,2
1860,1
7859,1
7481,2
1152,0
7823,2
3517,0
475,1
8500,0
2882,0
2164,2
9433,2
4347,1
7596,2
6129,0
7235,0
3866,1
4166,2
1717,1
7384,1
5174,1
3254,1
3067,1
3040,1
2257,0
6381,0
2802,1
425,1
2150,0
440,1
8268,0
1310,0
9520,0
4622,1
3128,1
337,1
2500,1
2272,1
1999,2
9887,1
8588,1
2674,1
715,1
3185,2
7472,1
5973,1
2163,0
938,1
8828,1
6853,0
7447,1
6253,0
9200,0
9084,1
874,2
9667,0
1220,2
485,1
2795,1
6371,0
5200,1
2001,1
3017,0
9594,1
7279,1
7194,2
4307,1
1753,1
5666,1
5373,1
1387,0
9915,0
6184,0
5981,2
6067,0
1980,1
5543,2
5760,2
2341,2
6004,1
5165,2
5147,1
672,0
5709,2
46,1
7888,1
8769,0
2157,2
4084,1
5285,1
154,2
151,0
7815,1
4790,2
8020,0
9989,0
8557,2
8295,1
921,0
8534,0
4705,2
5778,1
4527,0
4534,0
2814,0
9346,1
7548,2
3439,2
9613,0
560,0
8683,1
9037,1
9646,1
1551,1
6298,1
9830,2
4545,0
9605,2
7297,1
8021,1
3021,2
8243,1
6691,1
3979,2
1198,0
4143,1
9005,1
5637,0
9869,1
6447,1
8341,2
618,0
5865,0
6556,0
8385,0
5528,0
5918,2
9726,2
5007,1
8973,1
639,1
6152,2
406,2
7441,1
7607,2
5785,0
7059,0
8535,0
1821,1
2926,1
2877,1
2065,2
8086,1
9384,1
8806,1
8702,1
1477,2
8378,1
2004,0
3909,1
221,2
6273,1
8108,1
2728,2
9671,0
2030,0
6612,1
6181,1
8818,0
1112,0
8546,0
5834,0
992,0
3103,0
8148,0
3163,1
9661,1
1470,2
9586,2
5630,2
8827,0
3372,0
9268,1
2014,0
4693,1
944,0
567,1
5697,1
2687,1
7685,0
7389,2
9292,1
6208,0
4536,0
7295,2
6908,2
5033,1
3020,1
3731,1
6115,0
2391,2
4715,0
3944,1
3798,2
9760,0
8919,2
76,1
7500,1
8047,2
5502,1
7245,1
3899,1
3933,2
215,1
4824,2
4597,0
9081,1
1798,1
4982,1
4864,1
1356,2
6636,1
405,2
9792,0
9171,1
7743,0
365,0
163,1
8489,0
5473,0
3042,1
2337,0
3482,1
7320,1
6701,2
2501,1
4033,1
6277,2
3664,1
1734,2
4468,2
4146,0
7689,1
1638,1
7449,2
5847,2
7589,1
1022,1
5028,1
3052,2
4428,1
4488,1
8966,0
643,1
8157,2
3450,1
8093,1
2737,2
1275,2
65,1
2633,0
6365,1
6540,1
3376,0
642,0
9290,2
4614,1
1500,0
4825,2
998,1
5792,2
6515,0
2749,1
3854,2
8129,1
5411,1
4733,1
931,1
2723,1
8545,1
6560,0
2846,1
6772,0
5668,2
8001,1
7951,2
6783,1
8716,1
795,1
3511,2
4574,1
5835,1
4639,2
3138,0
6283,1
3748,1
2579,2
8388,0
1983,2
1388,2
1430,2
7334,1
4194,1
1435,1
1795,0
2103,1
9335,1
7708,1
2328,0
8945,0
6536,0
7164,0
7762,1
6910,0
9300,1
9537,2
6798,1
4207,0
2489,2
9796,1
549,2
9623,0
9831,2
2533,1
8672,0
8300,1
2118,1
1523,1
3605,0
89,2
9047,2
8233,2
3768,1
1655,2
411,0
2398,1
9735,0
5642,2
8706,1
784,0
7958,0
1271,1
2176,2
1951,2
480,1
3932,1
3284,1
6267,2
2726,1
3118,1
7648,1
4678,0
770,1
9285,1
2262,2
1081,0
3741,2
2230,0
3715,2
4584,1
6170,1
9436,1
3985,1
4320,1
5869,0
1173,0
9509,0
4911,1
7437,1
2142,1
7039,1
1120,2
7013,2
5466,1
1258,1
4909,1
3835,1
1337,1
7538,1
4046,1
4117,2
5210,2
7841,2
8332,2
248,0
253,1
4860,2
1043,1
2425,1
4174,2
3315,2
6444,0
805,1
972,0
1253,1
2611,1
7439,2
6726,0
1622,2
1741,0
4984,1
2273,1
5708,1
5743,1
5913,0
9573,2
3831,2
7942,0
1852,1
4828,1
3619,0
9083,2
4446,1
8553,1
7957,1
6537,0
4764,0
869,1
598,0
6389,0
8605,2
8730,0
2184,2
4988,1
9631,0
8623,0
8046,2
2330,2
2554,1
7346,1
2401,2
6907,1
8069,1
8551,2
7595,0
2405,0
9273,1
5052,0
8554,1
6648,0
6025,1
8,1
5192,0
1986,0
172,1
5605,2
5108,1
3277,1
8965,0
7286,1
5821,0
9982,1
9405,1
9511,0
7839,0
9500,1
711,1
7874,2
1375,0
3870,0
208,1
1921,2
6315,0
861,0
9025,0
9817,2
9347,0
6688,1
865,2
2364,1
7401,1
5788,1
7089,0
7019,1
7325,1
5252,1
4905,2
704,1
4573,0
260,0
4702,0
6639,1
3092,1
4000,2
9193,1
6013,2
6500,1
882,2
7257,1
7576,0
2582,1
6961,0
5536,0
397,1
3352,0
1459,0
4797,1
9917,2
986,2
2429,1
4298,1
110,1
9220,1
2520,1
6421,2
4104,2
8867,1
1807,2
6295,1
3134,2
8876,2
4340,1
8081,0
9539,0
1121,0
8044,2
5056,1
5690,1
4687,1
1268,2
3631,1
7806,1
6176,1
496,1
4004,2
5151,1
1506,0
1612,2
7934,1
4531,2
9254,1
9378,1
7752,1
3150,1
5858,0
6035,1
6919,1
7427,1
4522,2
7930,1
4459,1
7460,0
8868,1
2876,0
280,2
5694,0
4109,2
2834,0
451,2
5798,1
6955,0
5512,1
7597,1
415,1
533,2
3572,2
1169,2
4957,0
760,1
3782,0
1440,1
2555,0
4191,2
6470,0
6320,1
670,2
4313,0
3019,2
7969,2
3317,1
9718,2
1298,1
6323,0
4151,1
2465,1
2293,1
354,1
2868,1
7230,0
9356,0
9947,2
4173,0
8170,2
7889,0
5961,1
1320,1
341,0
3246,0
3041,1
582,1
9850,0
1926,1
4728,1
1464,2
5248,0
1486,1
206,1
9127,1
4742,0
5196,2
5734,0
9113,1
5901,1
5186,1
4465,1
1155,1
5719,2
5971,2
675,1
1273,2
255,1
6956,0
1746,0
953,0
6601,1
5325,1
6135,2
1406,1
1677,2
7433,0
6801,0
971,0
201,1
1769,1
2703,1
8186,1
1886,2
7813,1
4030,1
4734,0
1883,1
2229,1
1224,0
6945,1
467,2
8174,1
1918,1
6714,2
3800,2
993,1
5853,1
7467,2
7081,1
6741,1
3106,2
1288,2
7290,1
2319,2
7716,0
1889,1
3693,1
748,0
9278,1
6611,1
2893,0
2900,1
8040,2
3448,1
8783,2
3634,0
7560,2
9549,1
5367,2
3222,2
3571,1
591,2
9819,1
6800,0
1581,0
5414,1
4236,1
1303,2
6871,0
2205,2
2548,1
3023,1
209,2
1602,1
1065,2
949,0
3473,0
9599,1
2214,1
1609,1
5068,0
7381,0
352,0
6063,1
4949,0
7152,0
8234,2
1841,1
2346,2
7049,1
3272,0
2368,1
8939,1
2193,2
3616,0
1783,1
7266,0
8018,2
5232,0
367,1
4868,1
883,2
2710,2
8631,0
5408,1
3096,0
4316,2
8120,1
9510,1
5715,2
4249,1
7519,1
6983,1
8343,1
8951,0
3655,1
4020,0
871,2
4912,1
2925,0
919,2
576,1
3475,1
1487,2
6409,1
2941,2
194,1
4218,1
4076,0
6481,0
5162,0
4229,0
5914,0
1840,2
5497,2
4411,2
2479,1
27,1
6859,1
9721,0
6453,1
8057,1
7652,1
3803,0
9715,2
8741,2
5877,1
3951,2
7807,1
8147,1
2284,0
2666,1
4054,1
2480,1
7215,0
3551,1
605,2
5801,0
4898,2
6313,0
5257,1
6610,2
2680,1
1981,1
1018,0
4511,2
9275,1
2661,2
3703,1
4288,1
2427,0
361,0
8042,1
271,1
9325,0
4111,1
3249,1
274,0
7413,1
6687,1
2196,1
7515,0
6751,0
7394,1
5115,1
9343,1
2563,0
4836,1
4322,1
5338,2
9756,1
7012,1
6166,1
8264,1
2239,0
3992,0
3196,0
2324,2
3016,1
5446,1
5741,0
149,0
8438,1
2771,1
9900,0
5489,2
4651,1
8585,2
6234,1
4471,1
6619,1
5197,2
2456,1
6476,1
1589,1
4505,1
5849,2
7671,0
1857,1
4861,1
8609,1
9388,0
6806,1
3786,1
4168,1
6949,1
8184,2
7921,0
4366,1
8699,1
2185,0
7112,1
9763,0
4062,0
1432,1
3820,1
2760,2
3047,1
766,1
8582,2
1508,1
9414,0
6386,1
3433,0
6763,2
5136,1
8449,1
657,1
8146,1
161,1
5185,1
8195,1
3227,1
3593,1
896,2
7072,2
527,2
5686,1
7870,0
4106,1
3872,1
6054,0
1692,1
5723,1
7053,1
3164,0
1600,1
7421,2
9767,1
2342,1
3886,1
7670,1
3614,0
5149,1
2790,2
9676,1
3847,1
9180,2
8375,1
2890,1
793,2
5215,0
9112,0
4154,1
4243,2
8607,0
333,1
3269,2
7882,2
3038,0
502,0
9624,1
1786,1
5729,1
5718,2
4740,0
229,1
4329,0
3457,1
9470,0
8524,2
1872,1
9650,0
2625,2
2170,0
7876,1
3795,1
9625,1
6353,2
2171,0
8428,1
5474,1
6495,1
2669,1
6352,2
4555,1
3295,1
4230,0
7002,1
8035,2
687,1
2073,1
6089,2
8931,1
2168,1
9812,2
9137,2
2826,1
8236,2
8947,1
4998,0
9651,2
3738,1
8527,2
2390,1
7586,1
5727,0
8809,2
574,1
7300,1
2162,2
6275,2
5183,1
9755,1
9092,2
4817,1
7308,2
8228,0
2751,1
7255,1
2719,2
7358,1
4386,1
9669,2
1893,1
3530,1
5048,1
9771,1
2576,0
5977,0
7261,2
8929,2
6980,2
358,0
2733,1
3674,0
4821,2
9711,1
8226,1
2664,1
1110,1
6068,0
4088,0
5097,0
6435,1
7996,2
5008,0
8220,1
178,2
464,1
7710,1
8757,1
9344,2
6719,0
6312,0
420,0
481,0
8276,0
5316,1
1750,2
4594,0
1330,1
5135,0
1409,0
9447,0
6197,1
4370,2
8598,1
5335,1
7615,2
6309,1
1708,2
7898,2
9584,0
4433,1
137,0
2179,2
8729,1
664,1
7955,1
158,0
6934,0
7795,2
2938,1
806,0
9155,1
1528,1
7775,0
4870,2
4272,1
350,2
2506,0
1966,1
2459,1
3125,2
7069,0
8520,2
5582,0
9773,2
775,0
5583,2
4725,1
2974,1
4523,0
5736,1
7052,2
2041,0
8692,2
1681,2
539,1
1221,2
8194,1
9794,0
4079,1
1187,1
1254,1
5503,2
4384,2
3245,1
4704,2
3509,1
782,0
4903,2
4994,0
5401,1
985,1
1066,2
8182,1
8942,1
9052,2
5496,0
8065,1
3492,1
2807,2
4181,0
6162,0
8603,0
7464,1
9541,2
9449,1
2435,1
2615,2
1384,0
7048,2
7773,0
6861,0
5662,1
9731,0
2997,0
3233,1
1697,1
3670,0
2288,0
1545,0
2562,0
8469,1
9387,0
2903,1
1437,1
5198,1
2491,1
2206,0
7456,0
4961,1
873,2
3763,1
4441,1
2166,1
9116,0
9321,0
1875,1
9303,2
4485,1
7872,2
6514,0
551,1
8897,1
6272,1
3993,2
8066,2
7288,1
9445,0
1843,2
3193,2
8403,1
7748,1
2111,1
5407,0
7338,2
8705,1
7630,1
5279,2
3767,2
7268,1
1073,2
3142,0
4683,1
1147,1
2678,0
6531,1
7184,2
3436,1
513,1
9320,2
5493,1
8318,1
5636,2
3971,1
5249,2
1261,1
2986,1
4566,1
5236,1
1178,1
5383,0
4816,1
8241,2
3881,1
2902,1
2853,0
5246,2
3232,1
584,2
8197,1
7376,0
6703,0
1722,2
9421,0
177,1
5193,2
9004,0
5980,2
3573,2
7570,2
6936,2
5891,1
2241,1
1358,1
290,0
6242,1
3818,2
3604,1
2042,2
3059,1
6923,1
6592,1
6286,1
6516,0
6862,1
3127,0
7075,0
8284,0
2228,1
5936,1
4490,0
3898,1
9825,0
2769,2
5882,0
8221,2
166,2
4662,1
6756,0
3228,1
3975,1
9,1
9216,0
7605,1
542,2
9079,0
7721,0
2056,2
6727,2
3000,1
8370,2
6482,1
4739,1
2718,1
2318,2
1420,1
658,1
2871,1
1439,0
2452,1
6895,1
9349,2
4157,2
6373,1
9791,1
1039,1
7879,1
6127,0
9849,2
4052,0
5576,2
8468,2
1162,2
2735,2
8445,1
423,0
2313,1
1383,1
761,0
3328,2
7262,1
4324,1
1490,1
9732,1
4632,2
6533,2
6774,2
7050,2
2514,1
6168,1
6363,0
9924,1
8055,0
9990,0
1454,2
3190,0
7038,1
7543,2
6893,1
7559,2
5884,1
2859,0
1353,1
8128,0
7632,0
2254,0
4743,1
1321,0
7973,1
41,2
5066,1
8172,1
5510,0
8404,1
7108,0
7601,1
7749,0
4770,1
4395,0
9390,0
7395,1
2801,1
2305,1
5060,1
2729,1
5271,1
5308,1
3291,1
1422,2
5570,0
6982,0
3105,1
5677,1
4434,0
1374,2
1831,0
8325,1
7552,0
9786,2
7030,2
9780,2
9467,1
4479,2
8478,1
2483,1
7631,1
6400,1
380,1
26,1
2383,1
8240,1
3906,1
5799,1
5626,0
5336,0
4812,1
9968,1
9779,1
490,1
7486,1
5218,2
8513,1
7529,0
911,2
2498,2
613,2
3540,2
2058,2
1061,1
2232,2
1363,1
9641,2
5832,1
4540,0
8614,0
7865,1
8861,1
9521,1
8659,1
2583,1
5043,1
4172,0
5036,2
592,0
976,0
7161,0
7941,2
1300,0
3080,1
1063,2
8836,1
3637,1
8348,0
414,2
1596,0
4430,1
3559,2
6913,1
1377,1
9165,1
8539,2
4002,2
39,2
6491,1
5587,2
7243,0
3793,1
5934,1
8794,2
8004,0
4286,2
9742,1
1520,2
6767,2
401,2
15,2
6820,1
5205,1
4550,0
1503,1
794,1
332,2
3535,2
4148,1
888,2
5120,1
9295,1
396,1
8893,2
7491,2
7890,1
7945,1
827,0
6153,2
7657,0
1835,1
2296,0
8639,1
2389,2
5334,1
8277,1
8293,1
7829,2
2951,0
5859,2
2478,2
3066,1
7660,2
4758,1
8771,0
3147,0
2400,1
2610,1
2990,1
9905,0
2451,1
1915,1
3721,1
1653,1
9423,1
9867,1
853,0
1071,1
413,1
4529,1
837,0
7342,1
8572,2
5997,1
9057,0
8397,1
4302,2
4241,2
7275,0
5606,0
6355,0
2340,2
526,0
5182,1
6599,1
7285,1
1547,1
2409,2
5988,0
8156,1
3543,1
3735,2
8381,1
4138,1
8222,0
6040,2
9964,1
4504,1
7165,2
3584,2
4136,1
3421,0
7155,0
6791,2
3280,0
9800,1
9175,1
9218,0
9617,1
8451,1
6959,2
8734,1
7214,1
8309,0
8355,1
4398,1
5258,0
5378,2
153,2
7970,1
7638,2
77,2
8779,1
4093,0
3660,2
9657,1
6818,0
4303,2
6900,1
4528,2
3081,2
8627,1
7078,1
315,2
3641,2
9546,2
5214,0
7536,1
1135,1
8851,1
8361,1
1945,1
9580,2
4737,2
116,0
525,1
2419,1
8745,0
7796,0
7023,0
2243,1
3486,1
5779,2
3662,0
8646,2
7250,1
2067,1
9745,0
4964,1
8224,1
9962,2
1643,0
3359,0
9548,0
1962,2
2608,1
1290,0
2172,1
4762,1
2655,1
125,1
2178,2
4038,1
8941,2
4413,2
1419,1
7484,1
6167,2
781,0
3344,2
1064,1
9363,1
9131,0
4936,2
9396,1
4779,1
4205,2
7738,2
9302,0
5208,1
5762,0
4535,1
1767,1
1970,1
4928,2
4543,2
8523,1
4674,2
3549,0
7386,0
8334,1
3998,1
8784,2
8790,0
4306,2
240,1
5074,2
6662,1
9556,0
6183,0
4237,1
2256,1
4484,0
1021,1
5280,1
6020,0
3997,1
6394,2
7613,2
2915,2
5962,0
435,2
9351,2
726,2
3357,1
7817,2
2180,2
3195,1
7107,2
6058,2
6775,1
276,2
7851,1
915,1
5067,1
5839,1
9798,1
197,1
2914,0
9212,0
9564,1
1878,2
7318,1
6391,1
189,0
9382,0
3131,1
7400,1
4387,1
1245,1
9048,1
3499,1
1138,1
7533,1
1332,1
8505,2
5040,1
5216,2
1096,0
5374,1
1279,2
9710,0
473,1
9916,2
1567,0
4585,2
6886,1
7298,0
6865,1
5422,0
2777,2
5530,2
1211,1
9258,2
5905,1
2599,1
6655,2
9922,1
8943,1
3294,0
4182,2
6164,1
8701,1
6059,2
6419,1
7292,1
4547,1
6429,1
2818,1
1752,1
3977,1
1644,1
8326,1
3048,2
360,0
4311,0
8906,1
9362,0
174,1
5475,1
5822,2
3460,1
4977,0
4497,1
4732,1
7489,1
3891,0
9959,1
3331,1
6897,1
5355,2
5241,1
4538,1
1953,1
8374,2
8271,2
1009,2
5619,2
8410,1
8209,1
2226,1
1494,2
1578,0
519,1
9543,1
9266,1
1714,0
5925,2
6337,0
8424,1
3725,0
9063,1
5329,2
4362,1
3827,0
8823,2
4436,2
54,1
6071,1
6204,2
279,0
6578,1
8950,1
1344,2
6695,0
7085,1
5742,1
9611,0
9215,0
2488,1
8144,1
2667,1
2343,2
155,1
2153,1
112,1
30,1
1293,0
114,2
8733,2
8230,0
4179,2
798,1
7611,1
3733,0
8963,1
6050,1
4549,1
426,1
6380,0
495,1
6799,2
500,1
7646,0
7645,0
7770,1
5439,1
6838,1
3237,1
4480,1
8982,2
6826,1
801,2
9683,1
3389,1
9196,1
9562,1
5912,2
1645,2
1243,1
34,0
9030,1
6848,1
7778,1
8181,1
8712,1
2069,1
2458,2
7531,2
63,1
7916,1
4481,1
9937,1
8820,1
1850,0
6214,0
1828,0
9637,1
4761,1
4760,0
8347,2
8719,0
8198,1
4225,0
4403,2
2082,1
3672,2
5809,0
5791,2
5011,0
6256,1
8087,2
3575,0
3859,0
7158,1
2393,1
4960,2
4115,1
7011,1
6565,1
9314,1
3086,1
7324,0
1758,2
9162,1
3566,2
90,0
5680,2
6674,2
942,1
9889,1
4007,1
1233,1
2527,1
7330,0
3182,1
4010,2
819,1
1480,1
6707,1
7871,1
2191,1
9243,2
8246,2
3117,1
1976,1
3343,1
6930,1
2471,2
2550,1
1587,2
4041,1
1148,0
4478,2
2620,1
9051,0
2748,1
7845,2
8694,0
9493,2
1059,1
9425,1
1313,1
3406,1
4755,2
3826,1
2411,1
1802,1
6829,2
9626,0
2619,0
3797,2
6589,2
614,2
8442,1
8030,2
261,0
1082,1
5929,2
9337,2
8586,1
1801,0
8171,2
1696,2
1403,0
3514,2
769,2
9437,2
4361,1
8568,1
950,0
5016,1
7211,1
8619,1
1051,0
9834,1
386,1
8074,1
4724,1
6990,1
8078,1
9249,1
6833,1
3810,1
7668,1
179,1
1184,1
8498,0
9713,1
1372,2
8179,2
2358,0
5633,1
1091,1
7554,2
7684,2
6620,1
1916,0
8516,0
1333,2
1815,0
8602,0
7920,2
3529,1
8323,0
5812,1
6399,0
9260,0
6150,1
2989,1
4247,1
6350,2
9507,1
3739,2
4373,0
5445,2
4601,1
8642,0
4326,1
9481,1
4668,2
7480,2
2051,1
1259,2
3686,0
4847,2
6085,1
8274,0
351,0
8814,0
3816,2
5320,1
826,1
5944,2
5014,0
1838,1
2064,0
7370,2
3657,0
2623,1
4993,2
6318,2
9073,1
9832,1
3100,2
8629,0
9299,1
7451,0
8976,1
283,1
1814,1
8324,2
326,0
9837,1
6650,1
5670,1
131,0
2251,1
8811,2
9104,0
268,1
6231,2
9002,2
6715,2
7744,1
6142,2
8628,1
1678,2
51,2
7340,1
4752,1
3321,0
7263,1
288,1
5239,2
5286,1
4385,1
5079,1
2202,0
4575,2
6027,1
220,0
9156,1
1732,1
7095,1
638,1
6762,2
6771,1
8895,0
6788,1
8440,2
7720,1
45,1
8218,1
4028,2
6996,1
1170,1
1514,1
8067,1
2950,1
554,0
5083,1
2329,0
3569,1
3757,2
3758,1
8550,1
4005,2
2477,0
5180,0
1687,2
1870,1
1181,1
2117,2
4944,1
5529,2
4421,0
4027,2
4331,1
330,1
4378,1
7846,2
3789,0
9857,1
8616,1
7202,2
5521,1
7499,1
6367,1
5520,1
3424,0
8591,1
6366,2
8669,1
9434,1
6889,0
2306,2
3099,0
7628,2
4781,1
2394,1
1794,1
5428,0
6229,1
40,1
9845,1
6744,1
8201,1
8237,1
6005,1
8615,1
1402,1
3600,2
5817,0
1212,0
1887,0
9441,1
6808,2
1604,1
9339,0
8140,0
6189,1
6340,0
974,1
4221,0
3903,2
4220,0
908,0
3378,2
7426,0
1260,2
8782,1
1973,2
4774,1
6880,1
5711,2
1907,0
7959,2
9512,1
4242,1
9198,1
4345,1
1972,1
7144,0
6530,2
2395,1
5574,1
370,0
6823,1
1543,1
8621,2
6563,2
9054,0
5900,1
6232,0
6787,1
3545,1
7587,1
9173,1
9801,2
924,1
7656,1
3338,1
1624,1
487,0
6093,1
68,0
5181,0
2018,1
757,2
3116,0
5649,2
3754,2
3610,0
8333,1
3574,1
6336,0
8800,1
6346,2
528,1
4765,0
756,1
3518,1
2875,2
6092,2
9178,2
2570,1
2376,0
3073,1
5656,1
334,2
9874,1
6987,2
6845,2
1902,0
3750,1
7147,2
7408,2
559,0
4383,1
9154,1
6564,0
7436,0
2973,1
7618,1
1296,1
9610,2
9561,0
1191,1
1467,1
7535,0
2322,1
4801,2
5406,2
7444,1
4133,2
7582,0
5522,0
1334,1
2775,1
9181,0
8386,2
2727,1
7466,1
9622,2
2192,2
7726,1
5259,1
9725,1
6944,1
2931,1
4667,1
6235,1
2715,2
6360,1
6397,2
6935,1
202,1
3346,2
7382,2
428,1
7280,1
2558,1
8530,1
6932,0
6804,1
8618,2
2362,1
3287,1
1595,0
3026,1
5987,1
7811,2
8911,1
8833,2
9168,1
8935,0
5635,0
9286,1
8883,1
3459,0
8857,1
847,2
9923,1
8211,0
3210,0
433,2
3253,0
2793,1
9442,1
4223,2
636,2
695,0
4726,1
8567,1
3241,1
1367,0
1089,2
4122,1
2019,0
4967,1
7642,0
1968,1
7528,0
7952,0
665,1
5433,1
5794,1
3420,1
3275,0
4410,1
8981,0
9009,0
5349,1
3513,1
2057,2
3877,1
9108,1
5927,0
1642,1
898,1
1449,0
9806,2
2782,1
2954,1
9854,0
6114,2
1436,1
448,1
5933,1
1623,2
8123,0
4487,1
8000,1
9381,1
8200,1
2589,0
2752,2
8687,0
7216,1
1077,2
785,2
7727,0
6627,1
6132,1
524,2
9965,2
6569,1
1354,0
1424,1
1158,2
505,2
3404,1
6917,2
9981,2
2373,0
2404,1
3875,2
3585,1
9192,1
8802,2
7258,1
2860,1
3681,1
5857,1
4819,2
2464,1
8083,1
1008,0
686,0
2038,0
7068,1
9255,1
9189,1
5603,1
5139,2
1056,0
8948,0
4177,1
787,1
7159,1
9601,2
2437,1
7428,0
4308,1
6239,2
777,0
8178,0
5703,1
7981,1
7375,2
2518,1
7722,2
1800,1
6558,0
1562,2
5820,2
8029,0
6073,0
1206,2
5550,2
2235,0
9023,1
8662,2
8464,1
2992,0
95,0
1412,0
4102,1
1822,2
8119,1
2704,0
1591,1
4066,1
5683,2
2762,0
6682,1
8371,0
5645,0
6333,0
2493,1
7041,1
3567,0
7679,1
6718,1
8491,2
458,0
5700,2
655,2
7985,1
6888,1
2525,2
5283,0
8152,1
4880,1
1239,1
245,1
8302,2
2025,0
8515,2
5328,1
310,0
4332,1
9770,1
2546,1
3746,1
3794,2
6997,1
812,2
4447,2
8080,1
3958,1
6948,1
9926,1
7929,1
1248,1
6123,1
8251,2
3314,1
449,1
4358,2
6120,2
4904,1
1806,2
2029,2
914,0
5224,1
8122,0
6711,1
7134,1
3242,2
6261,2
5495,0
7976,1
3907,1
5632,2
6240,1
5777,0
263,1
8289,1
5624,2
1428,1
9872,1
4553,1
1386,1
3948,0
4474,1
108,1
6652,2
8904,2
3363,0
2155,1
3202,2
2601,1
1201,0
823,0
7351,2
6134,1
7988,2
1804,1
8749,2
5,2
6033,2
8458,0
1791,1
9793,0
5220,0
6215,1
4670,1
5032,1
9525,2
8045,1
7510,1
4521,1
1397,2
3356,1
4123,1
6274,2
5253,2
6554,2
3505,0
2761,2
8759,1
9912,1
2543,1
3035,2
7332,1
9978,2
4748,0
8160,0
4690,0
6988,1
7067,1
8932,1
9591,0
4139,0
3024,1
7869,2
6905,1
8270,0
3508,2
5563,1
5332,1
2027,0
1861,2
1023,1
4934,0
4974,1
3251,0
9213,1
7483,2
1989,1
7084,1
4822,0
4699,0
6972,2
4348,1
5893,2
1597,0
668,1
1123,0
3373,0
515,2
6571,1
578,1
8433,0
2880,2
6555,1
6125,1
607,1
8875,1
3669,1
3452,0
928,0
7913,1
1012,0
7756,2
4600,1
7622,2
5132,1
9569,0
9202,1
1571,2
4259,1
6553,1
2141,2
5838,2
3162,0
67,0
7512,1
3507,1
3726,2
7294,1
2384,2
4399,0
3053,2
7000,0
6077,1
6490,1
246,2
9751,1
1698,1
4118,0
3538,2
8249,1
5490,1
2311,1
4057,1
5312,0
5518,1
7046,1
6430,1
7658,1
5906,1
4795,1
5370,2
5527,0
5928,1
238,0
9483,0
1447,1
1274,1
5926,2
792,0
157,0
1519,0
8109,1
4158,1
7733,2
9768,1
5539,1
4850,1
3940,1
1554,0
1002,0
3181,1
372,2
1834,1
1749,0
9415,0
4334,1
4448,0
3867,1
5991,1
1942,0
9618,2
331,1
1434,1
1844,1
5154,2
4853,2
663,1
296,2
8787,0
66,0
1087,1
3851,1
5873,2
9179,2
5764,0
9146,0
1982,2
6835,2
2621,1
4321,1
626,1
3083,1
4204,0
7492,2
7171,1
7396,2
5586,1
8648,1
1625,2
804,0
338,1
9948,0
633,1
6327,0
8578,0
4101,0
6735,0
1396,0
6562,1
2224,2
8674,1
9901,2
8369,1
4916,1
3267,2
2816,2
7862,1
7355,0
8477,2
7885,1
5082,1
9523,0
8049,1
3656,1
5116,1
6989,0
5494,1
6548,1
7124,2
6757,1
1251,1
5228,1
6249,1
3503,2
5556,0
1478,1
9473,2
7099,1
749,1
9461,1
8427,2
3618,0
2281,0
6128,1
5274,0
5470,2
7239,2
7761,1
6061,0
5156,1
870,0
7058,1
1080,1
1433,2
6559,1
4103,2
3723,0
6241,0
9190,0
2468,0
608,1
6314,2
9952,1
2000,1
2005,1
844,1
5860,1
3244,2
824,1
281,1
9427,1
1594,1
8673,0
6795,2
3625,2
5244,1
441,0
4787,1
5659,1
3682,0
597,2
6271,1
4588,2
6887,0
7517,1
991,1
2511,0
1680,0
5158,2
8382,0
4394,1
4664,1
8015,1
2338,1
1731,0
3044,0
5811,1
2104,0
9237,2
1971,1
4630,1
7707,2
91,0
7501,0
5363,2
436,0
4913,2
9913,1
4163,1
3119,0
5452,2
7697,1
4170,2
2490,1
6585,1
6813,2
2301,0
6112,2
9017,0
954,1
8964,1
6154,2
1109,2
5188,2
6255,0
2024,1
2420,2
2970,0
9973,1
3065,0
7454,1
7004,1
6535,0
5256,1
3865,1
9506,1
3590,2
6031,0
1573,1
4803,1
3639,2
4,0
2523,1
2218,2
5675,1
3167,2
5287,1
9567,1
4040,0
1672,1
2374,2
9820,1
2169,2
3329,1
9660,0
6694,0
1208,2
4353,1
3912,1
9006,2
9504,0
4785,1
9875,2
1967,1
7036,1
53,1
1564,0
995,2
1119,2
2593,2
4391,0
6690,0
9479,2
4637,2
9873,1
3555,1
509,2
1292,1
9655,1
1633,1
9836,0
6721,1
1040,0
5063,1
3919,1
4273,2
7005,2
822,1
6111,2
2190,0
236,1
7779,1
4180,0
9949,1
9855,1
8552,1
7409,1
1326,1
2933,1
1711,2
2528,1
7127,0
3821,2
2402,1
2675,1
5650,1
5322,2
863,0
6856,1
2216,1
5761,0
2617,0
8204,1
6220,0
8121,1
4987,2
3828,1
3148,1
889,2
4001,1
9544,1
3076,1
5025,2
8668,2
2010,1
9482,0
8117,1
9044,2
1789,0
3490,1
141,1
6424,0
9408,0
1336,0
981,1
193,1
8872,1
5755,1
5499,1
5229,0
1453,1
3217,0
1937,1
2052,1
5658,2
3308,0
289,2
4070,0
3347,0
3132,1
4556,1
6007,1
3772,1
1577,1
6967,1
8014,0
2519,1
3089,1
9587,1
926,0
3973,2
3266,1
5042,1
1200,1
13,1
2532,0
878,2
1311,0
5887,1
7639,1
3465,1
2086,0
7999,0
1136,0
6633,1
604,1
940,1
1631,0
2673,0
943,1
9393,1
3031,1
2930,0
8608,0
5732,1
9717,1
9984,1
9147,1
6216,1
127,2
516,1
8689,1
300,1
8509,1
2798,0
2307,1
8447,2
5041,2
6161,0
8709,1
1031,2
3556,1
4641,1
8761,2
2350,1
3438,1
5133,2
1442,1
9469,1
6378,2
7944,1
6219,1
7385,0
4388,0
6082,1
7961,2
5573,1
1131,1
1488,0
754,2
5440,0
1619,0
16,1
9911,2
9452,0
9993,1
7213,1
7995,1
8722,2
719,1
2573,0
8169,1
7781,1
9681,1
5219,1
3606,1
3279,2
2436,2
1977,1
9595,0
543,0
3157,0
6551,2
5159,1
6485,2
6448,0
461,2
7539,1
6359,1
9822,2
5078,1
3588,1
3171,2
9648,1
9281,1
4164,1
8154,0
843,2
8813,1
408,1
1415,0
570,0
1451,1
8903,0
7029,2
4178,2
3557,2
8763,1
3011,0
5420,1
3358,2
857,0
6925,1
9528,1
2207,2
9695,1
3531,1
8686,2
9402,1
6361,1
5399,1
9160,2
1959,1
3528,1
3398,2
5957,1
3200,1
3451,1
2442,2
6647,1
1884,1
8727,1
7740,1
2049,1
136,1
4508,1
620,2
302,1
72,2
8368,2
4921,2
5507,0
3653,1
6501,1
1867,1
2959,2
4618,1
2161,2
4638,2
7256,2
2946,1
1160,1
2303,2
8691,2
3410,0
1516,1
3463,1
9749,1
6609,1
1204,0
9305,2
2831,2
8600,1
6434,2
3876,1
7314,0
6821,2
729,1
9555,2
7757,1
8432,1
4877,0
5989,1
6282,1
8480,1
3049,1
5969,0
8446,2
6544,0
1114,1
1705,2
5393,1
298,1
3159,0
4746,1
701,1
3598,2
2799,1
7704,2
6151,1
7231,1
7128,1
2261,2
4563,1
7373,2
6903,2
8262,2
6266,1
9191,1
3224,2
9898,0
3290,2
5037,0
7310,0
3071,1
6292,0
398,0
9486,1
2270,0
47,2
7190,1
4548,0
8127,1
5404,1
7132,2
2898,0
9277,2
5434,0
7566,0
182,2
6245,1
4096,0
3931,1
4939,2
7398,1
8339,0
9958,1
6306,1
9935,2
6697,1
1481,2
6510,1
3855,1
7431,0
6550,1
9272,1
3635,2
4510,1
1558,1
9799,0
6830,1
4830,0
8860,2
5176,2
4317,1
2071,1
3488,1
1411,1
8013,1
1536,2
1803,2
5382,2
6843,2
6464,1
5526,0
7060,0
7299,0
3301,1
6195,1
5569,2
6455,1
492,2
4078,1
7201,1
9186,1
1455,0
6606,1
864,1
1364,0
8710,2
9354,0
6095,1
6045,1
7759,0
7914,0
809,1
1772,1
8372,1
4165,2
692,1
2363,1
2600,1
6942,0
2592,1
1673,1
9882,2
3897,1
2081,1
5405,1
9424,0
5064,1
4929,1
2446,0
7700,1
2144,0
7302,1
5455,1
8810,1
4152,1
7277,1
1958,1
8801,1
1826,2
4771,0
81,0
23,1
6109,1
9274,0
8508,2
6140,1
3466,1
4144,1
7417,1
9439,1
33,1
8452,0
7453,0
8463,2
3892,0
7196,0
6921,0
4646,2
6064,1
7221,2
1391,2
1613,2
5566,2
6513,1
958,1
8651,0
2370,1
7789,2
897,2
2541,1
3764,1
9133,1
3411,1
6683,1
381,0
5837,1
5478,1
2392,1
3213,0
9654,1
1593,1
6039,0
9829,1
3646,1
2574,2
3680,0
2689,0
1042,2
6547,1
5604,1
7783,2
9688,2
6790,1
2244,0
2730,1
1610,1
4330,0
2440,1
5225,2
6319,1
4072,0
1496,0
8430,2
3658,0
1098,0
64,0
3805,0
199,0
419,2
4044,1
5051,1
6631,1
7172,1
7344,1
1695,1
3916,0
9064,2
6573,1
7271,2
8473,1
3226,1
2709,1
6056,1
4292,1
3850,1
5142,1
740,0
1759,2
4640,2
144,0
4874,1
2352,1
7478,2
1637,0
6293,0
545,1
7550,1
7986,1
1668,0
2072,1
7093,2
1733,1
8937,1
4930,1
9524,2
2708,0
3219,2
6979,0
1001,1
5533,2
7148,0
1176,0
7825,1
2092,1
5296,0
8061,2
7313,0
2657,1
696,1
8889,2
375,1
5203,0
6505,0
8114,0
4128,2
5102,0
9909,1
37,2
9971,2
6761,1
4344,0
8022,1
6466,1
38,1
2,0
1004,2
3455,0
2837,2
7179,1
1539,0
8038,1
3690,1
8777,1
7209,1
5958,0
5560,0
1457,2
9012,0
2538,0
4840,0
3622,1
8667,1
3626,2
8474,1
4417,2
1713,1
7450,1
2361,0
9345,2
5537,2
2083,1
214,1
4267,1
7232,1
7609,1
4063,2
9974,2
6700,0
9214,1
4986,1
2438,0
1025,0
3489,1
615,1
4323,1
5319,2
8344,0
1011,2
1537,0
9781,1
8816,1
2922,1
7695,2
840,1
228,1
7311,2
410,0
8698,1
9123,1
5485,2
223,1
8095,1
4431,2
4969,1
8050,0
9612,2
9696,1
6884,1
6011,0
9975,0
5840,1
1542,0
7680,1
2567,1
1028,1
4124,0
3361,1
1715,1
8570,2
6096,0
6992,0
4583,1
4008,1
1343,1
6970,2
164,1
1557,2
1611,2
6572,0
7225,0
4161,1
2676,1
9494,0
1718,1
4918,2
9861,0
4379,0
4509,0
1090,2
6192,0
1661,1
5795,1
3920,2
4619,2
3102,2
264,1
3982,2
5160,1
3858,1
1255,2
5170,1
2888,1
5953,0
4835,2
8700,1
9149,1
3309,1
2053,1
8968,1
1161,1
1103,1
825,1
7625,1
6828,0
7246,0
630,2
8296,0
1448,1
4599,0
2020,1
6285,1
4035,0
3603,1
192,1
3170,2
2706,0
3015,1
3694,1
5085,0
4623,0
8971,2
6342,1
2434,1
1316,2
7867,0
5813,0
6237,1
8084,0
1761,0
7306,1
6588,1
3832,0
9883,2
4409,1
7177,1
836,1
6503,1
9987,2
6179,0
6446,1
994,1
4829,2
4603,0
7719,1
3260,2
3462,1
9297,2
5972,1
2965,1
4053,1
7226,1
4842,1
7588,0
5836,1
7746,1
2212,2
1620,1
4159,0
4012,1
4095,1
2138,1
1157,0
8581,2
7090,2
1606,2
5960,1
2453,0
2912,1
8379,1
5685,2
1790,2
5978,1
886,2
7405,1
4886,0
723,0
2077,1
8780,1
9419,1
286,0
8693,1
1038,0
6583,1
3808,0
8718,1
75,2
2366,1
7866,0
494,0
8671,0
9352,2
2189,0
6576,0
3934,1
3849,2
5388,0
1797,2
2509,0
4881,0
1819,1
9034,1
2840,1
6730,0
1660,1
5444,2
6567,1
8273,0
6110,1
6302,1
8972,2
4611,2
3852,2
8097,2
2779,0
5661,0
3554,1
7229,1
8352,1
1527,1
1576,2
2217,1
4389,2
7893,1
7284,1
4669,1
7032,0
3312,1
5110,1
4981,1
6584,0
6203,2
5307,1
2815,0
1896,1
9906,0
4570,0
2387,1
3422,1
3952,1
3969,0
8577,0
6356,2
6852,0
848,2
368,0
1588,1
9306,1
2495,2
999,1
1495,1
4866,0
7505,1
2274,2
7675,0
9150,0
8048,1
7856,1
7549,1
3796,1
2865,0
4464,1
4598,1
2457,0
4092,1
1628,1
2412,1
830,1
1993,1
9450,1
4560,0
5547,1
321,0
503,2
6471,1
9638,0
2036,0
2647,1
4642,1
7821,0
8484,1
2923,2
5665,2
9262,0
9463,2
71,2
9664,0
4539,1
7001,2
2631,1
5923,0
7881,2
9804,0
8760,1
5803,0
9020,2
5364,0
5035,1
2499,2
1362,1
623,1
1548,0
8092,2
4437,0
3036,1
1812,2
8725,2
9614,1
3184,2
6517,1
9826,0
4175,2
9145,1
9852,0
5356,1
9368,1
6212,0
8685,1
767,1
1745,0
1027,0
8166,0
231,1
6901,1
5843,1
8419,1
3736,2
718,1
8879,1
8260,1
7947,1
5069,2
1350,0
3191,0
2220,0
673,1
9608,0
3268,2
1740,1
4784,1
9884,1
2557,1
9114,1
4889,1
1679,0
7542,2
3498,2
3578,1
8708,2
3419,1
1278,1
4586,0
3884,1
8994,1
8351,1
6552,0
5938,2
9896,0
4015,1
6478,2
8796,1
6486,0
482,1
4336,1
755,1
61,1
3082,1
9244,0
1237,1
5967,2
8190,0
831,1
9983,2
287,1
5786,0
9775,1
5044,1
3351,1
652,0
4763,2
9811,1
1083,1
9435,2
7634,0
7683,1
634,0
4255,0
3402,2
7803,2
8481,1
9969,0
1774,1
8908,0
8177,1
7699,2
4940,1
7682,1
7043,1
6024,2
390,2
7686,1
7922,1
2079,0
8202,1
4470,1
8789,2
3627,1
7886,2
483,1
7990,2
8696,0
447,1
5907,1
5505,1
5565,2
4372,2
4859,0
1250,1
7937,2
662,0
8934,1
3597,1
2298,1
2264,2
7654,1
3458,1
5714,1
1730,1
9394,1
9856,1
8711,2
4364,0
5866,2
8360,0
9815,1
2832,2
7598,2
1060,1
4827,1
5038,2
4900,0
3397,2
9422,0
232,2
4512,2
1505,1
6817,1
731,1
4920,1
8528,1
2630,1
5845,1
1134,0
118,1
7788,2
3675,2
5144,2
8338,2
2742,1
3673,2
9647,1
860,0
9772,0
3480,1
1813,0
5889,0
6776,0
8655,1
8688,2
5949,0
9645,1
7070,1
535,0
8766,2
1166,2
2671,1
4405,1
4979,1
4006,1
5917,0
7735,2
990,1
7940,0
9109,1
6247,2
7814,0
1399,1
5655,0
3063,1
6625,2
4682,1
9685,1
7064,1
1521,2
1781,1
9015,0
3558,1
9107,2
4296,1
3868,0
6509,1
4894,1
1992,1
3777,1
2375,1
8641,1
106,2
5086,1
9653,1
702,1
3900,2
6225,1
8487,1
8731,2
8680,1
8455,2
3497,1
4444,0
1067,0
9328,0
1342,1
5757,1
9308,1
5625,2
7329,0
2768,1
9703,1
10,1
7703,1
9038,2
6174,1
7003,1
1729,1
4562,0
9860,2
7208,0
2542,1
1104,1
2277,0
8666,0
9634,2
9026,2
6091,2
4082,1
7322,1
5532,0
5954,1
4942,1
2309,0
3577,0
427,2
3966,0
7923,2
9319,1
9188,1
2763,0
1858,0
6582,1
3392,0
3029,1
278,0
2794,1
2100,1
3104,2
714,0
3126,0
3043,2
9094,1
9551,1
9871,1
1264,1
7667,1
2547,1
355,2
7033,1
9739,1
6637,0
8203,1
5669,1
6414,1
5904,0
4580,1
8032,1
983,1
8423,1
4628,1
170,2
1308,1
32,0
2236,2
7463,0
1574,2
7523,2
2156,2
5092,1
1779,0
512,2
393,2
4701,2
8882,0
1988,1
227,1
9432,2
3143,1
7709,1
6623,0
3642,0
7101,0
7485,1
7590,1
3996,1
9401,0
1788,0
599,0
2887,1
7269,1
7624,1
9816,2
4792,0
909,1
894,2
9581,0
5022,0
8328,0
5911,1
1755,2
8946,2
3332,1
681,1
8991,1
8475,0
9709,1
3720,0
7051,0
5549,1
4587,1
2470,1
5400,0
4045,1
6605,0
699,0
9340,1
8575,0
6051,1
2037,2
7434,1
7423,0
707,2
1682,1
9120,0
3817,2
1441,1
1685,1
478,1
764,2
1939,2
2124,2
7260,0
3710,1
8365,1
1690,1
3802,0
4195,1
3247,1
561,2
9217,1
2147,1
1686,0
8917,1
4756,1
1657,1
4653,1
1052,1
318,2
9138,0
3986,1
6543,1
7109,1
7573,0
3591,1
6669,1
1183,1
152,1
5939,1
6685,2
839,1
4612,0
6046,2
8342,1
1876,2
5995,2
4022,2
4034,1
1156,1
965,1
9957,2
8316,2
5805,1
8312,0
97,0
5872,1
2516,2
8142,2
5775,1
2839,1
8353,1
3493,1
1285,1
6187,0
4476,1
4607,1
1086,0
3336,1
5254,1
1615,1
8467,0
7465,0
937,0
6918,2
3869,2
4189,1
9209,2
4809,1
5081,1
1670,0
4382,2
4232,1
4753,2
1754,2
1426,1
510,2
8472,1
1864,1
4134,2
4865,1
3264,0
345,1
3683,0
8454,2
349,1
8990,1
6304,0
2473,1
651,0
4867,1
9024,0
392,1
6591,2
3248,1
8257,1
9465,2
5294,0
5491,0
462,0
6617,1
5851,1
5945,1
2924,1
6769,0
2113,1
507,2
2995,2
7578,1
1950,1
7374,2
3822,1
1489,0
2354,1
5707,1
4915,1
6971,0
5463,1
9970,2
4216,1
4270,1
5941,2
3274,2
6978,1
725,0
5333,1
6417,1
2063,1
7037,1
4121,1
8543,1
8079,1
3139,1
2755,0
4791,2
8507,2
7452,1
6483,0
4426,0
5462,0
2535,0
7199,2
3676,0
8562,1
3281,1
8859,0
7911,0
5899,1
111,0
3837,1
8799,1
84,1
5447,1
9312,2
9040,0
9966,1
9701,1
5206,1
3704,1
4192,1
1507,0
6642,1
903,0
5750,1
7105,1
8522,0
3601,1
8085,1
5966,1
269,2
7792,1
9148,1
18,0
1979,1
6041,1
8909,0
4231,2
739,0
4397,0
9863,1
732,1
1468,0
7831,1
3229,1
9501,0
8238,1
8288,1
1799,0
5331,2
676,0
3496,0
6810,1
4561,2
9805,1
9823,2
2642,1
5457,1
7166,1
5250,2
4291,2
4843,0
4051,0
517,2
4720,1
4652,1
5721,0
211,2
5023,0
3737,0
5976,1
2122,2
810,2
9674,2
685,1
1117,1
4590,1
3570,2
2646,1
9489,1
7965,1
4541,0
1568,2
8502,1
4400,0
9169,1
3342,1
7741,1
569,0
3286,1
6433,0
3178,0
1050,1
1202,1
3215,0
5003,1
3322,1
5874,2
2060,2
109,0
6896,0
5796,1
1778,1
8466,2
9161,0
1785,1
6736,2
9315,1
7507,1
5818,0
9616,0
5722,2
7546,0
3349,2
5706,1
9039,1
6278,2
4377,0
1663,1
5713,2
2917,2
4945,0
4858,0
9743,1
9028,0
6494,0
2945,1
2677,1
8992,2
2410,0
4968,1
6634,1
2247,2
4872,1
5291,0
1517,0
7432,1
9903,1
677,1
6032,1
6456,0
575,1
8915,1
9972,1
4200,1
5098,0
4080,1
4457,2
3179,2
1747,0
4959,1
4710,0
3027,0
2450,1
4973,0
8970,1
2929,1
6705,1
7055,2
1195,0
4257,2
855,1
5748,1
128,1
6546,2
1076,1
8630,1
2820,1
4374,1
1373,2
3348,2
6590,1
8599,1
5759,1
1017,1
4744,2
5360,1
4141,1
9027,0
5888,1
233,0
8009,1
9342,0
9097,2
3689,1
8894,0
14,1
417,2
4032,0
1498,1
117,1
4375,1
1629,1
9788,1
493,1
9644,2
191,1
4963,1
5965,0
631,1
2660,0
6263,2
6290,0
2182,1
8611,1
3780,2
6269,1
580,2
3214,1
2447,2
1242,1
930,2
2472,2
7357,1
1084,1
5119,1
8027,2
8896,1
3032,1
403,2
987,0
5639,1
7198,1
9135,1
2700,1
2126,2
9128,2
4304,1
1744,1
3113,1
2397,0
2093,1
3980,0
8294,2
8912,2
9892,1
4250,0
4851,1
7498,2
3697,2
6465,0
6492,2
8269,2
5968,0
8497,0
5513,0
7151,0
142,0
6672,1
7383,1
50,1
6960,1
2643,2
1533,2
8308,2
879,1
4749,2
1748,0
3860,1
2635,0
9783,1
8100,0
2581,1
4937,1
8781,1
9399,1
8242,2
1724,1
9353,2
6317,0
4818,1
6480,1
1707,0
5295,1
7932,1
9553,2
5311,2
3429,1
4681,2
5425,2
2203,1
5833,1
9377,1
2756,0
4520,0
3487,0
5620,2
4042,2
610,1
7734,2
2962,0
7349,0
3516,1
2964,2
9122,1
7446,1
8571,0
285,0
7698,2
6781,1
4424,1
7774,2
8853,1
6825,1
8622,0
9204,2
7739,0
538,2
671,0
5202,1
3874,2
9693,1
1026,1
9790,2
8975,2
3677,1
1501,1
6587,0
960,1
7116,1
1232,2
3862,2
1796,2
5461,1
899,0
6079,1
4709,1
6180,2
2606,0
4544,0
5592,2
9298,0
8724,1
1034,0
4579,2
4067,1
8675,0
7359,0
1218,1
7270,1
7877,1
6206,0
4135,2
5517,1
8282,0
5358,1
6193,1
8955,0
9748,2
4948,1
2855,0
1877,2
8821,1
8739,1
913,2
666,1
5368,2
6236,1
6844,2
8335,0
7579,0
8380,1
3665,2
6213,1
3412,2
9195,1
2268,1
6869,0
5004,1
8807,0
6994,2
9503,2
5125,1
6832,2
9712,1
2559,1
8383,2
9585,2
3353,0
808,1
7420,0
6816,0
2003,1
5454,1
454,2
5892,2
504,0
6626,0
1572,2
3369,1
1126,2
5867,1
3524,0
9360,0
2074,1
5450,1
6026,2
6103,2
8922,1
5163,2
644,1
6158,1
9518,1
2385,0
5387,1
24,1
821,1
4094,1
5546,1
8340,2
5237,0
4064,0
8877,0
2791,1
5212,1
8910,1
3904,1
9474,1
1771,2
7960,1
8291,0
6228,0
3141,1
616,1
4026,0
1450,1
3400,1
9077,2
2128,0
8290,1
6205,1
9410,0
7902,0
5753,1
1306,2
1737,1
3522,0
2707,1
5800,1
1721,1
9932,1
5105,2
2017,1
6770,1
2175,1
3169,1
2695,1
1113,1
3002,0
6819,0
8292,0
2639,1
4050,0
1054,1
3778,1
9934,1
3350,1
9367,1
9508,1
6217,2
8681,1
3265,1
9476,1
8495,1
1393,0
2803,1
2686,0
5076,0
9163,1
6922,1
1219,0
9795,0
6549,1
8850,2
3183,1
4841,0
5184,1
4559,0
2864,0
4404,1
881,1
8512,1
150,1
2835,1
8624,2
703,0
1485,1
1957,2
736,1
7377,2
2197,2
4352,0
8900,1
6911,2
2130,0
1139,2
1897,0
183,1
5588,2
2765,0
1144,1
9706,2
9803,1
3388,2
1443,2
852,0
3843,1
6452,1
1479,2
9374,1
1262,0
3967,1
4707,0
4672,2
4698,2
9236,0
7009,0
7750,2
8773,2
3945,0
2725,2
8636,1
4025,0
2652,2
3177,1
2649,1
2591,1
3297,2
5894,0
3494,2
2291,2
9201,0
2359,1
387,0
2098,1
7176,1
4796,1
573,1
3374,1
7182,0
1037,1
1349,2
763,1
5946,1
2181,1
2692,1
691,2
243,2
2139,1
3425,2
2653,0
5710,1
8175,2
2211,2
948,0
6734,1
2850,1
8031,0
7649,0
5213,0
7274,0
2556,1
5429,2
2475,1
5430,0
5278,1
1389,1
219,2
6733,1
8930,1
2158,2
3409,0
4142,0
7563,1
2372,1
1047,2
6675,1
7852,2
7118,1
2430,1
4501,2
9058,2
1395,2
514,1
8059,1
1145,0
5681,2
2571,1
3110,0
3926,2
1991,0
7448,0
2884,2
8261,2
1189,0
9769,0
5990,1
8988,0
7801,2
2237,2
7745,2
649,1
273,1
9666,1
890,1
3368,1
2265,0
5403,0
1694,1
6752,1
4655,2
1132,0
317,1
3155,0
5021,1
8418,0
4086,2
6780,1
5815,1
5029,2
2208,1
2966,1
3652,1
9019,1
4171,1
5992,2
9918,1
5982,1
6201,1
2034,0
2032,1
2645,1
8358,0
5631,2
6964,1
8143,1
4834,1
3580,0
688,0
6413,1
7021,1
9818,1
5935,0
1000,1
9086,2
1137,1
6188,2
3418,1
6053,2
5828,2
2360,1
978,1
7644,0
1793,1
5469,2
3327,1
4265,2
9840,0
198,1
3974,1
9459,2
2011,0
7254,1
1093,1
6116,1
3271,2
9588,2
460,1
7026,0
4188,0
5451,1
6883,2
3806,2
8996,0
385,1
9400,1
8566,2
9963,2
5531,2
3188,0
9227,0
4120,2
9559,2
6793,1
421,1
5617,1
6243,0
8798,0
5844,2
8434,1
501,2
4463,1
5693,2
5952,1
4624,0
7369,0
9014,1
5621,1
1335,0
3936,2
9590,2
4802,1
7111,1
5233,2
8417,1
6993,0
5575,1
1768,2
3917,1
9633,2
1556,1
7397,1
790,2
5061,1
8362,1
1130,2
3700,1
4965,1
4354,1
1410,2
3845,0
7931,2
9185,0
3773,0
6520,2
5504,2
3685,1
8519,2
6731,1
4083,1
7853,1
6279,1
7418,2
9231,1
8822,2
3873,1
5826,2
2233,1
5465,1
9267,1
5751,0
9264,1
190,1
4976,1
2738,0
9454,0
8422,1
7701,1
773,2
4420,1
9219,0
1267,1
8482,1
5391,0
2513,2
1227,1
7919,0
2466,1
6916,2
9532,2
2857,0
1544,1
1214,0
8017,1
6252,0
6276,2
3299,2
3479,1
5640,1
3502,0
8746,1
7984,1
5059,1
4676,1
621,1
4396,2
3756,0
4415,2
5482,1
4839,1
3320,1
2979,1
1007,1
8258,2
489,1
5448,0
5211,1
8329,1
1314,2
4087,2
9733,1
6287,1
5324,2
5585,1
3716,1
1045,1
1304,1
1234,1
7968,1
5983,1
6392,1
2734,1
4260,2
7054,2
867,1
4098,1
2422,0
8804,0
5514,1
9466,2
2750,2
3893,1
9723,1
5100,1
5299,0
8064,1
3586,1
6426,2
9927,2
5436,0
4695,2
4515,2
4469,1
3365,0
1964,0
146,0
7153,1
4703,1
8977,1
5103,2
3844,1
3088,0
9397,1
7822,1
6254,0
2740,1
1725,0
133,1
2028,0
1425,2
8366,0
1736,0
1617,1
120,1
3160,2
3341,1
4294,1
6784,1
2433,2
4745,1
3885,1
5810,1
2909,1
4077,2
3727,0
8869,1
9411,1
3753,2
1325,1
7276,0
7694,0
4043,0
7117,1
7847,2
8613,1
409,0
2821,0
606,1
6301,2
4557,0
3326,1
8256,1
308,0
7368,1
9082,1
5226,2
8843,2
1885,0
1601,1
9157,1
5687,1
8465,1
9728,0
3270,0
9921,1
2577,2
8842,1
9810,2
6080,0
7371,1
8357,1
648,1
6107,0
395,2
8213,0
3955,0
4571,0
988,1
7802,0
9392,2
6539,1
7287,0
2129,1
9941,1
6512,1
9318,1
3784,1
8888,1
3894,0
6460,1
4155,0
7146,1
4496,2
3609,2
3643,1
8592,1
7753,0
4327,1
7711,2
9759,2
1700,1
1359,2
267,1
6789,0
8232,1
7894,1
1192,1
6545,0
8431,1
6370,1
1427,0
712,0
6165,0
3990,1
1549,1
3300,0
339,1
5492,2
3709,1
2852,0
6199,1
8540,1
7106,1
1904,2
5342,1
8187,1
9665,0
7963,1
6909,0
20,1
4846,1
9522,0
5613,2
2013,1
5300,1
1280,1
1078,0
1129,1
5647,0
7785,1
5501,0
8593,0
2345,2
5774,0
7900,1
7282,1
5974,2
8493,1
5146,2
813,1
2552,0
2160,1
6055,0
1580,1
2883,2
2578,2
7713,2
2605,0
44,1
5516,2
3888,1
6139,0
6758,1
3833,1
4696,2
2899,2
6148,1
5065,1
3714,1
8193,2
8564,2
6706,0
4335,0
5010,1
9930,1
4754,0
9766,2
7372,0
7455,1
997,1
1010,0
8056,0
5273,1
7354,1
8647,1
2089,2
6963,2
6379,0
4356,1
4369,0
3785,2
2545,0
2406,2
2609,0
9542,2
4869,2
7674,2
4069,0
5737,0
1036,0
912,0
706,0
3595,2
3515,0
4606,1
4131,2
9865,1
2597,2
2943,1
7763,2
1614,1
5920,1
562,1
6284,0
6438,2
2414,2
8920,0
922,1
6325,1
4506,1
4473,1
3771,2
9225,1
7891,1
5416,2
5459,2
5129,0
1911,2
2054,1
5472,0
2227,1
1863,1
9996,0
2445,0
1392,1
3824,0
5347,1
9035,0
9166,1
7525,1
3273,1
3474,2
8720,0
4009,1
7736,1
207,0
9835,1
952,2
7715,1
8115,0
2785,0
9003,1
7565,0
2949,2
8104,1
7863,1
3203,1
2407,1
7321,2
2320,0
4552,1
291,2
4196,1
3257,1
6766,0
9979,0
6147,1
6238,1
4256,1
4234,0
6765,2
4097,2
6015,0
7098,0
8569,1
6792,1
6645,1
1719,1
5728,0
1340,1
1482,2
8297,0
9943,1
8750,0
3512,2
1851,0
3234,1
4902,1
6866,0
8068,1
962,1
7975,1
1414,1
3853,1
5195,2
2961,1
9151,0
1743,2
5179,2
6724,0
6459,0
6876,1
7555,0
2282,2
4263,1
4589,1
9491,0
3871,0
7241,1
2059,1
4443,1
9620,0
724,1
9702,1
1659,1
1532,1
3636,1
7858,1
1726,0
3220,2
8272,1
8244,2
9758,0
1671,0
5137,1
4679,1
1676,2
6519,0
590,1
8518,1
5357,2
1317,1
595,0
8062,0
8320,1
520,2
8364,0
6622,0
3755,1
9261,0
7504,0
5959,1
3701,1
3941,1
7092,2
2830,1
7606,0
3984,1
689,0
7854,2
4068,1
637,2
4406,2
3449,1
2895,1
2424,2
854,1
5740,0
8133,1
5881,1
7121,0
710,2
7217,1
7265,0
6926,2
4887,1
1552,1
1469,1
5268,0
9211,2
3114,2
6049,2
6764,2
9895,2
2746,2
2668,2
8640,1
3144,1
6223,2
8952,0
5627,2
1961,0
1666,1
4591,0
3414,2
1179,1
2102,1
3298,0
9444,1
1142,0
7661,0
7411,2
5164,2
907,2
8118,2
8153,0
5101,1
8239,0
9341,1
8305,1
5073,1
3962,1
9022,0
6595,2
934,1
5449,0
2626,1
8196,1
251,1
5255,0
8247,1
820,1
3957,1
3098,1
8594,1
6246,1
2804,2
2971,0
1943,1
3278,2
9252,1
678,1
1827,1
7189,1
4910,1
8363,2
2076,1
8999,0
2812,1
3495,1
8421,1
1445,1
1252,0
6375,1
8006,1
1164,1
936,1
1960,1
4059,1
7997,1
2090,1
6957,0
346,2
6233,0
9333,1
5948,0
9697,1
7237,2
1302,1
9471,1
412,2
4328,1
7087,1
7135,0
762,1
5830,1
4319,1
7864,1
1569,1
6062,2
9777,2
135,1
2844,1
7056,1
746,1
5049,1
8141,1
8460,1
7415,1
9301,0
1665,2
3481,1
2651,0
2112,1
4108,2
9380,1
4169,1
779,1
601,0
4878,2
5267,1
8393,2
8103,2
4119,1
247,2
3209,1
4422,1
8075,2
5345,0
3012,0
2096,1
5483,1
2396,0
9534,2
9070,2
3861,1
3288,1
9778,0
1941,1
5140,0
7857,2
609,1
5317,0
8441,0
3630,1
476,1
93,0
7544,1
2245,0
4483,2
6044,0
4906,2
4031,1
1493,1
2132,0
9938,0
402,1
9263,0
9497,0
5702,2
2572,2
7669,0
181,0
2505,1
3360,2
2300,0
5854,2
9159,1
7650,2
226,0
3546,1
6401,1
1621,1
1368,1
6598,2
3532,0
3426,2
488,0
5413,1
5223,1
3707,0
3581,2
4567,1
1291,1
5782,2
7569,2
377,2
1566,0
6186,0
557,1
838,2
5590,2
6667,1
982,2
2115,0
3628,2
6962,1
8949,1
8448,1
1446,2
586,1
3075,0
5767,2
2800,1
4482,2
5607,1
7530,1
4477,2
7861,1
4694,0
622,2
1404,1
5138,1
6412,1
5379,1
7760,1
275,0
1102,1
2596,2
9746,1
6084,0
8189,2
1151,0
2851,0
4582,0
7345,2
758,1
1099,1
1900,0
9072,1
9066,0
7992,0
5114,1
4895,1
6328,0
3963,1
5827,2
4751,1
4462,1
6943,0
6377,1
1013,1
2906,1
6973,1
5577,2
6097,2
2739,0
6557,1
923,1
9828,1
1283,1
122,2
565,1
85,1
625,0
6182,0
5201,1
1651,1
9707,1
156,2
4564,0
7718,0
6807,1
5897,2
3602,1
4596,1
8321,1
8558,2
2050,1
9628,2
11,0
5994,2
5341,2
1899,0
5500,1
1281,1
98,1
4461,1
4499,2
2810,1
6857,2
1701,2
8107,1
4924,0
7035,2
2885,1
3533,0
3950,0
3939,1
4893,1
4454,1
6649,1
4318,2
7497,1
6477,1
8983,1
6746,1
9784,1
6914,1
8541,1
2310,0
8250,1
1328,1
8584,0
7696,1
1990,1
7836,1
3135,1
7764,0
6872,1
1534,2
241,0
3544,1
9284,1
2991,1
3324,2
7028,1
7583,2
5442,1
1667,2
558,0
650,1
6038,2
9583,0
1020,1
7156,0
5578,1
964,2
851,1
7602,0
884,1
9238,0
2199,1
5453,2
8437,0
7490,0
753,2
9738,2
6985,1
3093,2
8841,1
234,2
4208,0
6575,2
4203,2
661,1
5554,1
1837,1
3712,0
3472,0
916,1
4445,2
6065,0
7643,2
3901,1
8306,1
8461,2
270,2
579,2
2344,2
6759,1
5771,1
7964,1
6811,0
8180,2
7784,1
6841,1
1270,1
7819,1
1710,1
9496,1
8504,1
8831,1
2981,0
443,2
553,0
3976,2
5691,2
1780,1
3729,1
8862,2
5234,1
1908,1
5313,2
8077,2
7057,2
4946,1
629,1
1188,2
2009,1
3005,2
5350,0
9230,0
422,0
3172,0
3883,1
6834,2
8938,0
3201,0
8913,1
518,1
262,1
5348,2
7917,1
2679,1
8496,1
8229,0
9205,2
6523,0
8936,2
4750,1
8443,2
7924,1
5515,0
4551,0
7666,0
56,0
3921,1
1319,1
8415,1
7557,0
5664,0
2862,1
6629,1
5106,0
9933,0
7837,0
6003,0
7458,1
862,1
6779,0
7391,2
316,2
1381,2
6191,0
3500,1
9643,1
2299,1
5963,0
2549,2
3391,2
8139,1
6105,1
8486,1
6863,0
7705,1
778,0
1143,0
1154,1
3218,1
4914,1
2413,0
5745,0
6037,0
9961,1
6881,1
1898,0
2167,0
8959,0
2481,1
7091,2
5480,1
6131,0
5284,1
7119,2
3525,2
1108,0
3734,2
9106,1
4217,1
6541,2
1511,1
1418,2
8407,1
5544,0
2530,2
205,0
196,0
169,1
9652,2
2683,1
295,0
7575,2
4691,1
6717,0
3323,1
4060,1
5301,1
4855,2
3121,2
1029,1
7187,0
5562,0
2813,1
173,0
4955,1
674,1
9370,2
8748,0
4258,1
7691,1
4023,2
3437,1
5970,1
1249,1
8099,0
2234,0
5251,0
9694,2
8548,1
9132,1
9207,2
713,1
694,1
2648,1
2940,1
1775,0
6618,1
8094,2
3781,1
7027,1
1171,1
8225,2
6868,1
9406,1
2097,1
3563,1
1057,2
9379,2
3564,2
8036,1
7365,1
5776,0
8547,1
2039,0
6012,0
2665,2
9592,1
347,0
6081,1
9446,1
8997,1
2285,1
6268,1
7174,0
9720,1
5293,1
8155,1
6467,0
5623,2
7126,0
7097,1
7887,1
7007,1
8644,2
3830,1
9577,0
4425,2
3624,0
4269,1
242,2
9121,1
957,1
3028,1
6190,2
6001,1
4357,0
8873,1
6981,1
4363,0
5263,1
5855,2
2896,2
6574,1
7636,0
323,1
1107,1
3385,1
8538,1
301,1
6507,2
4609,1
6518,0
8488,2
4310,0
1197,1
7167,2
7572,2
1641,1
2942,1
4888,1
5848,0
9429,1
9662,1
3760,1
3034,1
2044,1
3562,1
5841,0
6729,2
1763,0
5789,2
4823,2
8384,1
3611,0
1987,1
7393,1
9029,1
7100,1
2960,1
9680,1
6209,2
5797,1
8637,1
7545,1
5660,0
8778,2
2381,0
7296,1
9598,1
4820,1
4055,1
5209,0
2881,1
7808,0
8063,1
8735,1
6101,1
3198,2
8844,1
1390,0
1068,0
738,1
379,2
7767,1
4932,1
7799,2
8632,2
8408,1
2753,1
5593,1
9714,1
3882,1
1172,1
5013,1
3811,2
6479,0
3330,0
5417,0
5292,1
5996,1
7430,0
8559,1
6463,0
8887,1
8089,1
3841,0
3995,1
4697,1
2444,1
1284,2
1205,2
3527,1
7621,1
432,1
4810,2
850,1
138,2
7577,1
6902,1
3956,1
1502,2
9563,1
4502,1
2736,1
176,1
5031,1
5600,1
9426,0
8176,2
654,0
7233,1
3311,0
918,0
7571,1
2842,2
9329,1
1322,1
6445,1
7905,1
8429,2
8580,0
7516,0
7114,1
1369,0
2891,1
8402,1
9317,2
977,1
9552,2
556,2
6351,2
1127,0
3922,2
6632,2
8870,1
2874,0
583,0
6593,2
8521,1
3787,1
1787,1
3022,0
1199,1
9891,2
8376,1
7045,2
2897,0
8394,2
2932,1
6532,2
1735,2
9897,1
62,1
7364,0
1845,2
9994,1
4845,1
2987,1
1924,1
4099,1
3364,1
7305,1
6259,0
4380,1
9248,2
7655,1
2108,0
9242,1
6086,2
6047,0
4359,1
5264,0
309,1
8054,2
8744,0
7425,1
2688,1
438,1
4494,2
8389,0
6720,0
6974,1
7416,1
7457,1
9741,0
1923,2
9986,2
7360,2
7561,1
4717,2
7065,2
4091,0
4110,1
7810,0
7347,0
9754,0
4213,2
7663,2
7830,0
540,1
446,1
9226,2
9144,1
7086,2
2999,1
4238,0
2382,1
48,1
2062,2
8753,1
5947,0
5985,2
8969,2
3441,0
3129,0
374,1
6258,1
7474,1
3292,1
7459,2
531,1
4608,1
3568,1
5128,2
8313,1
8839,1
8106,1
1106,2
1175,1
4767,1
7445,2
2134,1
4689,1
29,1
126,2
5238,1
4794,0
6010,1
1400,2
947,1
7939,0
3289,0
4989,1
5541,1
2085,2
400,1
5058,1
4926,1
7366,2
8053,1
5456,0
8998,2
6738,2
2838,1
7488,2
5323,2
5747,2
3770,1
1497,1
5385,0
2836,2
9807,2
5221,2
348,0
2629,2
6933,2
3799,1
2828,2
4804,1
508,2
6940,0
6760,1
7868,2
3742,1
4897,1
6882,1
2031,1
5217,2
9010,1
335,0
8483,1
9182,2
4716,1
2612,1
1689,0
3074,1
4649,1
6066,1
9545,1
1684,0
4660,2
5488,1
7248,1
8070,1
4602,2
5599,1
4456,1
5595,1
7977,2
3713,2
8336,1
3769,1
9371,1
1524,1
6613,2
6542,2
320,0
8319,2
8254,1
9045,1
1866,1
2152,1
3345,2
5908,1
7804,1
1465,2
7475,1
4616,1
7584,1
2551,1
1355,1
6002,0
3970,2
5468,2
17,2
3989,1
6867,0
6947,1
4452,0
4879,1
1934,2
9950,1
7742,2
9477,0
450,0
1229,0
8231,1
9899,2
2492,2
7681,1
7192,2
8019,0
9907,1
5975,2
4863,2
9942,2
3728,1
6684,2
2783,1
4633,2
1935,2
4776,1
5026,0
4700,1
603,0
3302,2
6890,1
9265,1
3582,1
8979,1
4312,1
7897,0
3961,1
5716,1
4941,1
9307,1
1105,1
4276,2
4546,1
4605,0
1366,2
4284,0
2911,1
6670,0
624,1
328,2
4290,0
3097,1
6849,2
8391,1
2347,1
8660,1
2173,1
9600,0
4772,2
2770,0
4440,2
3687,0
1246,0
9672,1
498,1
2869,0
9762,1
8514,2
8537,1
4524,1
7169,1
3423,2
7493,0
2280,1
8337,1
8881,1
8775,0
4917,2
4517,1
6824,0
2026,2
891,1
7687,1
7508,1
5754,1
2286,2
294,1
3384,1
8210,1
8470,2
1927,2
5277,2
4201,2
9999,2
9124,1
5601,1
6699,1
619,1
3165,0
8755,2
4577,1
7875,2
1222,1
5389,1
8485,0
7479,1
1777,1
7892,1
3405,2
9976,1
7079,2
3403,1
373,2
9430,1
1438,0
1723,1
6797,1
1307,0
9557,0
1940,0
1540,1
6614,2
3692,1
8657,0
9502,1
2712,0
6385,2
7227,0
2980,2
2690,1
6679,0
2833,2
8986,1
5879,1
4554,2
7205,1
9995,1
3168,2
7758,1
7600,1
8281,1
6,1
7678,2
1174,1
6099,1
250,0
5615,2
9253,1
4367,2
2231,2
7730,2
7848,0
720,2
9119,1
3679,0
8492,1
2764,1
5940,0
9604,1
353,1
7765,1
8315,1
534,1
6497,2
4899,0
660,1
3857,0
9279,1
6425,2
759,0
2149,1
3337,1
2294,2
910,0
4206,0
9827,1
4951,1
9197,0
2918,0
4718,0
8531,1
3809,2
3959,0
369,1
4105,0
2055,1
9547,2
1561,2
6937,0
2603,1
3037,0
1341,1
3263,1
2575,1
4016,2
816,1
4807,1
5674,1
5055,0
6794,1
632,2
7873,0
7044,1
8768,1
8901,0
6864,0
1635,1
9061,1
3001,1
175,2
1664,1
303,0
7662,1
5371,0
8090,1
5678,1
8845,1
6484,0
7140,1
8345,1
1712,0
6347,0
8223,1
5525,0
6207,2
4673,1
5130,0
8826,0
3447,1
1111,2
5309,1
3307,1
7238,0
3223,0
2119,2
7979,2
3947,1
7938,0
9134,1
8163,1
6408,1
1658,1
1074,1
8298,1
4927,1
6498,1
5538,0
7603,2
9221,2
3430,1
2439,1
4680,2
9158,2
6144,1
9076,2
7751,2
8416,2
594,1
9658,0
6511,1
8136,0
2461,1
4983,2
4729,1
7633,0
7620,1
2614,0
1706,1
4492,0
2494,0
9682,1
8235,1
875,2
3801,0
1062,0
641,0
945,1
1541,1
7520,1
3839,1
3954,2
2080,1
2598,1
5380,0
6668,1
4532,0
2561,2
5207,0
8962,0
3724,1
1128,1
9250,2
5261,0
8987,1
252,0
4289,0
2870,1
7665,0
1492,1
7103,0
751,0
6018,2
5648,1
8849,2
5919,0
6836,2
7978,1
2295,1
184,1
1461,0
9945,1
2075,0
2221,1
9416,2
9087,1
5346,2
3617,1
5979,2
3654,2
5942,1
3719,1
6449,1
1965,2
5242,1
4381,0
1346,2
2317,1
1030,1
9373,2
1760,1
4429,0
1865,1
7353,0
8776,2
1592,1
2186,1
8713,2
8007,1
4037,1
8634,1
2252,2
8544,1
6405,0
2275,2
3807,2
6742,0
8526,1
9919,1
3442,1
9894,1
4089,1
8161,1
7690,2
3007,1
2935,0
6915,1
6782,0
468,1
1338,2
3523,0
2566,1
8041,2
7162,2
3510,1
7015,1
2952,1
7224,0
772,1
8435,0
5093,2
382,1
4884,0
6196,1
5846,1
803,1
5808,1
4368,1
1357,1
780,1
845,2
2043,1
9172,0
7301,1
1929,0
9164,1
7972,1
5699,1
1975,1
2121,1
2204,2
6722,0
627,1
6124,0
1910,0
946,2
7754,0
6420,1
8252,1
8765,1
7987,2
6341,2
1948,0
6579,1
3565,1
3910,0
5498,1
5806,2
6615,0
1069,1
60,1
5266,1
2379,1
9462,0
3491,2
9593,0
7218,1
8028,2
115,0
2487,1
555,1
4719,1
7496,1
6854,1
9455,0
4925,1
9920,2
9078,1
6177,1
996,2
9536,2
2637,1
2819,1
9744,2
9364,2
9376,0
6489,1
7031,1
3199,0
6043,1
4658,1
5107,0
7994,0
1947,0
3751,1
4214,1
1917,2
4493,0
4283,1
6986,1
9366,0
5045,1
9956,0
617,0
4783,0
8738,1
6709,2
8756,2
8436,1
5222,2
4990,0
9636,1
1016,0
8542,0
9596,1
3079,0
9719,1
8808,2
684,1
5305,0
5829,1
442,1
258,0
2423,2
5698,1
9750,2
8890,2
4293,1
2863,1
7142,2
9143,1
6418,2
9844,0
7016,1
6777,2
8499,2
2998,0
2845,1
9566,2
5297,0
9118,0
4147,0
581,1
8658,1
6374,1
9288,2
7071,1
1652,2
4058,2
842,1
3553,0
3484,2
4402,2
3632,1
7676,2
5326,2
1230,1
3840,1
6526,1
9514,1
6172,1
3650,0
2988,1
7307,2
9853,0
9174,1
2993,0
3252,1
9475,1
967,0
5432,0
8162,1
1149,1
6119,2
1873,1
968,1
2696,2
4736,0
4832,1
2061,1
8933,1
1423,2
2127,1
6106,2
9802,2
1466,1
1460,1
5770,0
4100,0
3477,1
4021,2
2249,2
9293,1
5598,0
2662,1
1394,1
1116,1
5272,1
7317,1
4167,0
6570,2
2787,0
312,1
103,1
2242,0
6924,1
7429,1
3187,1
416,2
8695,1
1180,0
7242,1
2415,1
7833,2
8192,1
2454,1
162,2
7895,1
7812,2
8373,1
3541,0
3718,1
2976,2
3379,2
786,0
4938,2
6083,1
1582,2
4126,1
9690,2
2101,1
6159,1
2806,0
282,1
7522,0
3366,1
8717,2
5075,0
6773,1
2521,1
7150,2
4355,1
2956,2
8928,0
2594,2
6009,2
2824,1
3151,1
817,0
7392,2
9256,1
8411,0
8287,1
6939,2
9355,1
4558,0
6428,0
6472,0
4838,1
6506,0
4999,1
8245,1
3339,1
989,2
1347,2
2913,1
6651,2
224,1
6163,2
7974,1
8359,1
8317,0
8682,1
4572,2
1312,1
8011,0
2659,1
342,1
7532,2
8401,2
5749,0
6621,1
3109,1
9870,1
6075,1
4475,0
4211,1
7777,0
2223,0
3613,1
5746,2
8916,1
9251,0
2565,1
5265,0
7629,1
7712,1
564,1
5984,2
6929,0
6658,2
1702,1
1458,1
2357,0
5113,2
6171,1
8956,1
6874,2
1563,2
6635,1
9093,0
1584,2
5072,1
7912,1
7443,0
6257,2
87,1
4491,0
5426,1
1691,0
4992,1
8635,2
9839,2
2650,2
5372,1
9404,2
5091,1
8574,0
9998,1
4947,0
2741,1
6640,0
6827,2
8961,2
5608,0
6307,0
4113,1
6999,1
4325,2
6954,1
340,1
9096,0
3239,1
705,1
6561,1
8207,0
1235,1
7350,0
7018,0
7732,0
6654,1
8751,2
3445,1
5476,0
9103,0
4401,2
8072,1
3647,0
9495,1
8663,1
1920,1
568,0
5883,2
8304,2
7844,1
2308,0
1421,1
5087,1
1751,0
1522,0
2258,2
2325,1
9008,1
8852,2
1809,2
973,0
3318,0
5424,1
1092,2
6678,1
6716,0
7024,2
5653,2
8299,2
2640,1
8266,0
6815,2
587,1
8278,2
4708,0
1431,1
5780,2
237,1
9540,1
1559,1
7339,1
7547,1
9571,1
6624,1
3072,1
313,0
9607,1
1318,0
4627,0
6427,1
3446,1
2849,2
1856,1
2921,1
259,1
7585,1
7010,1
218,2
9398,1
1305,2
6299,2
2441,2
7838,1
961,1
8583,1
3208,0
8026,0
8164,1
6745,2
1101,2
9091,0
2829,2
9167,1
5824,1
8043,1
9774,1
5384,1
2287,2
1351,1
8126,2
6666,1
3651,2
7797,1
9088,1
5153,1
6822,2
3382,2
6308,0
5535,1
4513,2
5412,2
5112,1
9016,1
42,0
8010,1
5127,1
5555,1
1646,2
6331,1
5306,1
1892,0
3918,1
1361,0
6393,1
1997,0
4442,0
6577,1
2333,0
3965,1
2515,0
9689,2
7766,0
9797,1
2503,2
2788,2
6712,1
299,0
1627,1
9194,1
1825,1
3607,0
3949,1
7204,0
3123,2
2188,1
4013,1
8812,1
6594,1
2867,1
708,1
7283,0
2758,1
6969,0
3943,2
7113,2
2878,0
6178,1
2638,0
8303,1
4519,1
7082,0
7580,1
2825,2
2564,2
6264,1
4337,1
3296,1
4187,0
5540,2
5419,1
4685,1
185,2
3371,0
2975,2
376,1
9183,0
9765,1
7521,1
5190,1
74,0
9838,0
9953,0
9338,0
3415,1
3823,2
8995,2
893,1
4741,1
7399,1
1327,0
7949,1
8023,2
2994,2
9089,2
6034,1
9246,1
8865,1
3978,1
1263,1
4972,2
1570,0
4576,1
5394,1
6660,1
8795,0
9409,1
2958,2
336,1
7473,0
371,0
8096,1
4713,1
596,0
52,1
4309,1
73,1
96,1
1167,2
9946,0
8902,1
5509,0
3087,0
2618,1
9407,1
8967,0
2146,0
4427,1
3354,1
9589,1
5365,1
1995,1
2095,1
6860,1
7063,1
4342,1
7327,2
8354,1
5275,0
3848,1
3140,2
2811,2
4569,2
399,0
1266,1
3698,1
8819,1
7123,1
1276,0
2348,1
9431,2
3889,1
7131,0
4281,2
7438,2
6330,0
9776,0
5012,2
733,1
4856,0
4533,1
7168,1
2856,1
8377,2
2432,0
4228,1
4648,2
1005,0
9821,1
